LIST,SENTENCE,KEYWORD_01,KEYWORD_02,KEYWORD_03,KEYWORD_04,KEYWORD_05,NOTES
1,1. The birch canoe slid on the smooth planks.,birch,canoe,slid,smooth,planks,
1,2. Glue the sheet to the dark blue background.,glue,sheet,dark,blue,background,
1,3. It's easy to tell the depth of a well.,it's,easy,tell,depth,well,
1,4. These days a chicken leg is a rare dish.,days,chicken,leg,rare,dish,
1,5. Rice is often served in round bowls.,rice,often,served,round,bowls,
1,6. The juice of lemons makes fine punch.,juice,lemons,makes,fine,punch,
1,7. The box was thrown beside the parked truck.,box,thrown,beside,parked,truck,
1,8. The hogs were fed chopped corn and garbage.,hogs,fed,chopped,corn,garbage,
1,9. Four hours of steady work faced us.,four|for|4,hours,steady,work,faced,
1,10. A large size in stockings is hard to sell.,large,size,stockings,hard,sell,
2,1. The boy was there when the sun rose.,boy,there,when,sun,rose,
2,2. A rod is used to catch pink salmon.,rod,used,catch,pink,salmon,
2,3. The source of the huge river is the clear spring.,source,huge,river,clear,spring,
2,4. Kick the ball straight and follow through.,kick,ball,straight,follow,through,
2,5. Help the woman get back to her feet.,help,woman,get,back,feet,
2,6. A pot of tea helps to pass the evening.,pot,tea,helps,pass,evening,
2,7. Smoky fires lack flame and heat.,smoky|smokey,fires,lack,flame,heat,
2,8. The soft cushion broke the man's fall.,soft,cushion,broke,man's,fall,
2,9. The salt breeze came across from the sea.,salt,breeze,came,across,sea|see,
2,10. The girl at the booth sold fifty bonds.,girl,booth,sold,fifty|50,bonds,
3,1. The small pup gnawed a hole in the sock.,small,pup,gnawed,hole,sock,
3,2. The fish twisted and turned on the bent hook.,fish,twisted,turned,bent,hook,
3,3. Press the pants and sew a button on the vest.,press,pants,sew|sow,button,vest,
3,4. The swan dive was far short of perfect.,swan,dive,far,short,perfect,
3,5. The beauty of the view stunned the young boy.,beauty,view,stunned,young,boy,
3,6. Two blue fish swam in the tank.,two|to|too|2,blue,fish,swam,tank,
3,7. Her purse was full of useless trash.,purse,was,full,useless,trash,
3,8. The colt reared and threw the tall rider.,colt,reared,threw|through,tall,rider,
3,"9. It snowed, rained, and hailed the same morning.",snowed,rained,hailed,same,morning,
3,10. Read verse out loud for pleasure.,read|reed,verse,out,loud,pleasure,
4,1. Hoist the load to your left shoulder.,hoist,load,your|you're,left,shoulder,
4,2. Take the winding path to reach the lake.,take,winding,path,reach,lake,
4,3. Note closely the size of the gas tank.,note,closely,size,gas,tank,
4,4. Wipe the grease off his dirty face.,wipe,grease,his,dirty,face,
4,5. Mend the coat before you go out.,mend,coat,before,you,go,
4,6. The wrist was badly strained and hung limp.,wrist,badly,strained,hung,limp,
4,7. The stray cat gave birth to kittens.,stray,cat,gave,birth,kittens,
4,8. The young girl gave no clear response.,young,girl,gave,clear,response,
4,9. The meal was cooked before the bell rang.,meal,cooked,before,bell,rang,
4,10. What joy there is in living.,what,joy,there|they're|their,is,living,
5,1. A king ruled the state in the early days.,king,ruled,state,early,days,
5,2. The ship was torn apart on the sharp reef.,ship,torn,apart,sharp,reef,
5,3. Sickness kept him home the third week.,sickness,kept,home,third,week,
5,4. The wide road shimmered in the hot sun.,wide,road,shimmered,hot,sun,
5,5. The lazy cow lay in the cool grass.,lazy,cow,lay,cool,grass,
5,6. Lift the square stone over the fence.,lift,square,stone,over,fence,
5,7. The rope will bind the seven books at once.,rope,bind,seven|7,books,once,
5,8. Hop over the fence and plunge in.,hop,over,fence,plunge,in,
5,9. The friendly gang left the drug store.,friendly,gang,left,drug,store,
5,10. Mesh wire keeps chicks inside.,mesh,wire,keeps,chicks,inside,
6,1. The frosty air passed through the coat.,frosty,air,passed|past,through,coat,
6,2. The crooked maze failed to fool the mouse.,crooked,maze,failed,fool,mouse,
6,3. Adding fast leads to wrong sums.,adding,fast,leads,wrong,sums,
6,4. The show was a flop from the very start.,show,was,flop,very,start,
6,5. A saw is a tool used for making boards.,saw,tool,used,making,boards,
6,6. The wagon moved on well oiled wheels.,wagon,moved,well,oiled,wheels,
6,7. March the soldiers past the next hill.,march,soldiers,past|passed,next,hill,
6,8. A cup of sugar makes sweet fudge.,cup,sugar,makes|make,sweet,fudge,
6,9. Place a rosebush near the porch steps.,place,rosebush|rose bush,near,porch,steps,
6,10. Both lost their lives in the raging storm.,both,lost,lives,raging,storm,
7,1. We talked of the side show in the circus.,we,talked,side,show,circus,
7,2. Use a pencil to write the first draft.,use,pencil,write,first,draft,
7,3. He ran half way to the hardware store.,he,ran,halfway|half way,hardware|hard ware,store,
7,4. The clock struck to mark the third period.,clock,struck,mark,third,period,
7,5. A small creek cut across the field.,small,creek,cut,across,field,
7,6. Cars and busses stalled in snow drifts.,cars,busses|buses,stalled,snow,drifts,
7,7. The set of china hit the floor with a crash.,set,china,hit,floor,crash,
7,8. This is a grand season for hikes on the road.,this,grand,season,hikes,road,
7,9. The dune rose from the edge of the water.,dune,rose,from,edge,water,
7,10. Those words were the cue for the actor to leave.,words,were,cue,actor,leave,
8,1. A yacht slid around the point into the bay.,yacht,slid,around,point,bay,
8,2. The two met while playing on the sand.,two|to|too|2,met,while,playing,sand,
8,3. The ink stain dried on the finished page.,ink,stain,dried,finished,page,
8,4. The walled town was seized without a fight.,walled,town,seized,without,fight,
8,5. The lease ran out in sixteen weeks.,lease,ran,out,sixteen|16,weeks,
8,6. A tame squirrel makes a nice pet.,tame,squirrel,makes,nice,pet,
8,7. The horn of the car woke the sleeping cop.,horn,car,woke,sleeping,cop,
8,8. The heart beat strongly and with firm strokes.,heart,beat|beet|beats|beets,strongly,firm,strokes,
8,9. The pearl was worn in a thin silver ring.,pearl,worn,thin,silver,ring,
8,10. The fruit peel was cut in thick slices.,fruit,peel,cut,thick,slices,
9,1. The Navy attacked the big task force.,navy,attacked,big,task,force,
9,2. See the cat glaring at the scared mouse.,see|sea,cat,glaring,scared,mouse,
9,3. There are more than two factors here.,there|they're|their,more,two|to|too|2,factors,here,
9,4. The hat brim was wide and too droopy.,hat,brim,wide,too|to|two|2,droopy,
9,5. The lawyer tried to lose his case.,lawyer,tried,lose|loose,his,case,
9,6. The grass curled around the fence post.,grass,curled,around,fence,post,
9,7. Cut the pie into large parts.,cut,pie,into,large,parts,
9,8. Men strive but seldom get rich.,men,strive,seldom,get,rich,
9,9. Always close the barn door tight.,always,close,barn,door,tight,
9,10. He lay prone and hardly moved a limb.,lay,prone,hardly,moved,limb,
10,1. The slush lay deep along the street.,slush,lay,deep,along,street,
10,2. A wisp of cloud hung in the blue air.,wisp,cloud,hung,blue,air,
10,3. A pound of sugar costs more than eggs.,pound,sugar,costs,more,eggs,
10,4. The fin was sharp and cut the clear water.,fin,sharp,cut,clear,water,
10,5. The play seems dull and quite stupid.,play,seems,dull,quite,stupid,
10,6. Bail the boat to stop it from sinking.,bail,boat,stop,it,sinking,
10,7. The term ended in late june that year.,term,ended,late,june,year,
10,8. A Tusk is used to make costly gifts.,tusk,used,make,costly,gifts,
10,9. Ten pins were set in order.,ten|10,pins,were,set,order,
10,10. The bill was paid every third week.,bill,paid,every,third,week,
11,1. Oak is strong and also gives shade.,oak,strong,also,gives,shade,
11,2. Cats and Dogs each hate the other.,cats,dogs,each,hate,other,
11,3. The pipe began to rust while new.,pipe,began,rust,while,new|knew,
11,4. Open the crate but don't break the glass.,open,crate,don't,break,glass,
11,5. Add the sum to the product of these three.,add|ad,sum|some,product,these,three|3,
11,6. Thieves who rob friends deserve jail.,thieves,rob,friends,deserve,jail,
11,7. The ripe taste of cheese improves with age.,ripe,taste,cheese,improves,age,
11,8. Act on these orders with great speed.,act,these,orders,great,speed,
11,9. The hog crawled under the high fence.,hog,crawled,under,high,fence,
11,10. Move the vat over the hot fire.,move,vat,over,hot,fire,
12,1. The bark of the pine tree was shiny and dark.,bark,pine,tree,shiny,dark,
12,2. Leaves turn brown and yellow in the fall.,leaves,turn,brown,yellow,fall,
12,3. The pennant waved when the wind blew.,pennant,waved,when,wind,blew,
12,"4. Split the log with a quick, sharp blow.",split,log,quick,sharp,blow,
12,5. Burn peat after the logs give out.,burn,peat|peet|pete,logs,give,out,
12,6. He ordered peach pie with ice cream.,ordered,peach,pie,ice,cream,
12,7. Weave the carpet on the right hand side.,weave,carpet,right,hand,side,
12,8. Hemp is a weed found in parts of the tropics.,hemp,weed,found,parts,tropics,
12,9. A lame back kept his score low.,lame,back,kept,score,low,
12,10. We find joy in the simplest things.,we,find,joy,simplest,things,
13,1. Type out three lists of orders.,type,out,three|3,lists,orders,
13,2. The harder he tried the less he got done.,harder,tried,less,got,done,
13,3. The boss ran the show with a watchful eye.,boss,ran,show,watchful,eye,
13,4. The cup cracked and spilled its contents.,cup,cracked,spilled,its,contents,
13,5. Paste can cleanse the most dirty brass.,paste,cleanse,most,dirty,brass,
13,6. The slang word for raw whiskey is booze.,slang,word,raw,whiskey,booze,
13,7. It caught its hind paw in a rusty trap.,caught,hind,paw,rusty,trap,
13,8. The wharf could be seen at the farther shore.,wharf,could,seen,farther,shore,
13,9. Feel the heat of the weak dying flame.,feel,heat,weak,dying,flame,
13,10. The tiny girl took off her hat.,tiny,girl,took,off,hat,
14,1. A cramp is no small danger on a swim.,cramp,no,small,danger,swim,
14,2. He said the same phrase thirty times.,said,same,phrase,thirty|30,times,
14,3. Pluck the bright rose without leaves.,pluck,bright,rose,without,leaves,
14,4. Two plus seven is less than ten.,two|to|too|2,plus,seven|7,less,ten|10,
14,5. The glow deepened in the eyes of the sweet girl.,glow,deepened,eyes,sweet,girl,
14,6. Bring your problems to the wise chief.,bring,your|you're,problems,wise,chief,
14,7. Write a fond note to the friend you cherish.,write,fond,note,friend,cherish,
14,8. Clothes and lodging are free to new men.,clothes,lodging,free,new,men,
14,9. We frown when events take a bad turn.,frown,events,take,bad,turn,
14,10. Port is a strong wine with a smoky taste.,port,strong,wine,smoky,taste,
15,1. The young kid jumped the rusty gate.,young,kid,jumped,rusty,gate,
15,2. Guess the result from the first scores.,guess,result,from,first,scores,
15,3. A salt pickle tastes fine with ham.,salt,pickle,tastes,fine,ham,
15,4. The just claim got the right verdict.,just,claim,got,right,verdict,
15,5. Those thistles bend in a high wind.,those,thistles,bend,high,wind,
15,6. Pure bred poodles have curls.,pure,bred|bread,poodles,have,curls,
15,7. The tree top waved in a graceful way.,tree,top,waved,graceful,way,
15,8. The spot on the blotter was made by green ink.,spot,blotter,made,green,ink,
15,9. Mud was spattered on the front of his white shirt.,mud,spattered,front,white,shirt,
15,10. The cigar burned a hole in the desk top.,cigar,burned,hole|whole,desk,top,
16,1. The empty flask stood on the tin tray.,empty,flask,stood,tin,tray,
16,2. A speedy man can beat this track mark.,speedy,man,beat|beet,track,mark,
16,3. He broke a new shoelace that day.,he,broke,new,shoelace,day,
16,4. The coffee stand is too high for the couch.,coffee,stand,too|to|two|2,high,couch,
16,5. The urge to write short stories is rare.,urge,write,short,stories,rare,
16,6. The pencils have all been used.,pencils,have,all,been,used,
16,7. The pirates seized the crew of the lost ship.,pirates,seized,crew,lost,ship,
16,8. We tried to replace the coin but failed.,we,tried,replace,coin,failed,
16,9. She sewed the torn coat quite neatly.,sewed|sowed,torn,coat,quite,neatly,"If it weren’t for the other key words, I would have included “she” for the first key word."
16,10. The sofa cushion is red and of light weight.,sofa,cushion,red,light,weight|wait,
17,1. The jacket hung on the back of the wide chair.,jacket,hung,back,wide,chair,
17,2. At that high level the air is pure.,that,high,level,air,pure,
17,3. Drop the two when you add the figures.,drop,two|to|too|2,when,add,figures,Here I wasn’t completely sure which to count whether “you” or “when” but “when” has been included in the keywords before so I included it instead of “you”
17,4. A filing case is now hard to buy.,filing,case,now,hard,buy,
17,5. An abrupt start does not win the prize.,abrupt,start,does,win,prize,
17,6. Wood is best for making toys and blocks.,wood|would,best,making,toys,blocks,
17,7. The office paint was a dull sad tan.,office,paint,dull,sad,tan,
17,8. He knew the skill of the great young actress.,knew,skill,great,young,actress,
17,9. A rag will soak up spilled water.,rag,soak,up,spilled,water,
17,10. A shower of dirt fell from the hot pipes.,shower,dirt,fell,hot,pipes,
18,1. Steam hissed from the broken valve.,steam,hissed,from,broken,valve,
18,2. The child almost hurt the small dog.,child,almost,hurt,small,dog,
18,3. There was a sound of dry leaves outside.,there|they're|their,sound,dry,leaves,outside,
18,4. The sky that morning was clear and bright blue.,sky,morning,clear,bright,blue,
18,5. Torn scraps littered the stone floor.,torn,scraps,littered,stone,floor,
18,6. Sunday is the best part of the week.,sunday,is,best,part,week|weak,I wasn’t sure which to include whether “is” or “the” so I included “is” for the key term since it is considered a verb.
18,7. The doctor cured him with these pills.,doctor,cured,him,these,pills,
18,8. The new girl was fired today at noon.,new|knew,girl,fired,today,noon,
18,9. They felt gay when the ship arrived in port.,felt,gay,ship,arrived,port,
18,10. Add the store’s account to the last cent.,add,store’s,account,last,cent|scent,
19,1. Acid burns holes in wool cloth.,acid,burns,holes,wool,cloth,
19,2. Fairy tales should be fun to write.,fairy,tales,should,fun,write,
19,3. Eight miles of woodland burned to waste.,eight,miles,woodland,burned,waste,
19,4. The third act was dull and tired the players.,third,act,dull,tired,players,
19,5. A young child should not suffer fright.,young,child,should,suffer,fright,
19,6. Add the column and put the sum here.,add,column,put,sum,here,
19,7. We admire and love a good cook.,we,admire,love,good,cook,
19,8. There the flood mark is ten inches.,there,flood,mark,ten,inches,
19,9. He carved a head from the round block of marble.,carved,head,round,block,marble,
19,10. She has a smart way of wearing clothes.,she,smart,way,wearing,clothes,
20,1. The fruit of a fig tree is apple-shaped.,fruit,fig,tree,is,apple-shaped,The word “is” is counted as a key term because “apple-shaped” is considered one word and “is” is used as a verb.
20,2. Corn cobs can be used to kindle a fire.,corn,cobs,used,kindle,fire,
20,3. Where were they when the noise started.,where,were,when,noise,started,Decided to use “when” instead of “they” but I thought both could count.
20,4. The paper box is full of thumb tacks.,paper,box,full,thumb,tacks,
20,5. Sell your gift to a buyer at a good gain.,sell,gift,buyer,good,gain,"Same here, “your” could be considered I believe but there are only five key words"
20,6. The tongs lay beside the ice pail.,tongs,lay,beside,ice,pail,
20,7. The petals fall with the next puff of wind.,petals,fall,next,puff,wind,
20,8. Bring your best compass to the third class.,bring,best,compass,third,class,"Same here, “your” could be considered I believe but there only five key words"
20,9. They could laugh although they were sad.,they,could,laugh,were,sad,
20,10. Farmers came in to thresh the oat crop.,farmers,came,thresh,oat,crop,
21,1. The brown house was on fire to the attic.,brown,house,was,fire,attic,
21,2. The lure is used to catch trout and flounder.,lure,used,catch,trouth,flounder,
21,3. Float the soap on top of the bath water.,float,soap,top,bath,water,
21,4. A blue crane is a tall wading bird.,blue,crane,tall,wading,bird,
21,5. A fresh start will work such wonders.,fresh,start,will,work,wonders,
21,6. The club rented the rink for the fifth night.,club,rented,rink,fifth,night,
21,7. After the dance they went straight home.,after,dance,went,straight,home,"Same here, “they” could be considered I believe but there are only five key words"
21,8. The hostess taught the new maid to serve.,hostess,taught,new,maid,serve,
21,9. He wrote his last novel there at the inn.,wrote,last,novel,there,inn,"Same here, “he” and “his” could be considered I believe but there are only five key words."
21,10. Even the worst will beat his low score.,even,worst,beat,low,score,"Same here, “his” could be considered I believe but there are only five key words."
22,1. The cement had dried when he moved it.,cement,dried,when,moved,it,"Same here, ""he"" could be considered I believe but there are only five key words."
22,2. The loss of the second ship was hard to take.,loss,second,ship,hard,take,
22,3. The fly made its way along the wall.,fly,made,way,along,wall,
22,4. Do that with a wooden stick.,do,that,with,wooden,stick,
22,5. Lire wires should be kept covered.,lire,wires,should,kept,covered,
22,6. The large house had hot water taps.,large,house,hot,water,taps,
22,7. It is hard to erase blue or red ink.,hard,erase,blue,red,ink,
22,8. Write at once or you may forget it.,write,once,you,May,forget,
22,9. The doorknob was made of bright clean brass.,doorknob,made,bright,clean,brass,
22,10. The wreck occurred by the bank on Main street.,wreck,occurred,bank,Main,street,
23,1. A pencil with black lead writes best.,pencil,black,lead,writes,best,
23,2. Coax a young calf to drink from a bucket.,coax,young,calf,drink,bucket,
23,3. Schools for ladies teach charm and grace.,schools,ladies,teach,charm,grace,
23,4. The lamp shone with a steady green flame.,lamp,shone,steady,green,flame,
23,5. They took the axe and the saw to the forest.,they,took,axe,saw,forest,
23,6. The ancient coin was quite dull and worn.,ancient,coin,quite,dull,worn,
23,7. The shaky barn fell with a loud crash.,shaky,barn,fell,loud,crash,
23,8. Jazz and swing fans like fast music.,jazz,swing,fans,fast,music,"Same here, “like” could be considered I believe but there are only five key words."
23,9. Rake the rubbish up and then burn it.,rake,rubbish,up,burn,it,
23,10. Slash the gold cloth into fine ribbons.,slash,gold,cloth,fine,ribbons,
24,1. Try to have the court decide the case.,try,have,court,decide,case,
24,2. They are pushed back each time they attack.,pushed,back,each,time,attack,"Same here, “they” could be considered I believe but there are only five key words."
24,3. He broke his ties with groups of former friends.,broke,ties,groups,former,friends,"Same here, “he” and “his” could be considered I believe but there are only five key words."
24,4. They floated on the raft to sun their white backs.,floated,raft,sun,white,backs,"Same here, “they” and “their” could be considered I believe but there are only five key words"
24,5. The map had an X that meant nothing.,map,had,X,meant,nothing,
24,6. Whitings are small fish caught in nets.,whitings,small,fish,caught,nets,
24,7. Some ads serve to cheat buyers.,some,ads,serve,cheat,buyers,
24,8. Jerk the top and the bell rings weakly.,jerk,rope,bell,rings,weakly,
24,9. A waxed floor makes us lose balance.,waxed,floor,makes,lose,balance,"Same here, “us” could be considered I believe but there are only five key words"
24,"10. Madam, this is the best brand of corn.",madam,this,best,brand,corn,
25,1. On the islands the sea breeze is soft and mild.,islands,sea,breeze,soft,mild,
25,2. The play began as soon as we sat down.,play,began,soon,sat,down,"Same here, “we” could be considered I believe but there are only five key words"
25,3. This will lead the world to more sound and fury.,lead,world,more,sound,fury,
25,4. Add salt before you fry the egg.,add,salt,before,fry,egg,"Same here, “you"" could be considered I believe but there are only five key words."
25,5. The rush for funds reached its peak Tuesday.,rush,funds,reached,peak,Tuesday,
25,6. The birch looked stark white and lonesome.,birch,looked,stark,white,lonesome,
25,7. The box is held by a bright red snapper.,box,held,bright,red,snapper,
25,"8. To make pure ice, you freeze water.",make,pure,ice,freeze,water,"Same here, “you"" could be considered I believe but there are only five key words."
25,9. The first worm gets snapped early.,first,worm,gets,snapped,early,
25,10. Jump the fence and hurry up the bank.,jump,fence,hurry,up,bank,
26,1. Yell and clap as the curtain slides back.,yell,clap,curtain,slides,back,
26,2. They are men who walk the middle of the road.,men,who,walk,middle,road,"Same here, “they” could be considered I believe but there are only five key words."
26,3. Both brothers wear the same size.,both,brothers,wear,same,size,
26,4. In some form or another we need fun,some,form,another,need,fun,"Same here, “we” could be considered I believe but there are only five key words."
26,5. The prince ordered his head chopped off.,prince,ordered,head,chopped,off,"Same here, “his” could be considered I believe but there are only five key words."
26,6. The houses are built of red clay bricks.,houses,built,red,clay,bricks,
26,7. Ducks fly north but lack a compass.,ducks,fly,north,lack,compass,
26,8. Fruit flavors are used in fizz drinks.,fruit,flavors,used,fizz,drinks,
26,9. These pills do less good than others.,pills,less,good,than,others,"Same here, “these” could be considered I believe but there are only five key words."
26,10. Canned pears lack full flavor.,canned,pears,lack,full,flavor,
27,1. The dark pot hung in the front closet.,dark,pot,hung,front,closet,
27,2. Carry the pail to the wall and spill it there.,carry,pail,wall,spill,there,
27,3. The train brought our hero to the big town.,train,brought,hero,big,town,"Same here, “our” could be considered I believe but there are only five key words."
27,4. We are sure that one war is enough.,we,sure,one,war,enough,
27,5. Gray paint stretched for miles around.,gray,paint,stretched,miles,around,
27,6. The rude laugh filled the empty room.,rude,laugh,filled,empty,room,
27,7. High seats are best for football fans.,high,seats,best,football,fans,
27,8. Tea served from the brown jug is tasty.,tea,served,brown,jug,tasty,
27,9. A dash of pepper spoils beef stew.,dash,pepper,spoils,beef,stew,
27,10. A zestful food is the hot-cross bun.,zestful,food,is,hot-cross,bun,
28,1. The horse trotted around the field at a brisk pace.,horse,trotted,field,brisk,pace,"Same here, “around” could be considered I believe but there are only five key words."
28,2. Find the twin who stole the pearl necklace.,find,twin,stole,pearl,necklace,"Same here, “who” could be considered I believe but there are only five key words."
28,3. Cut the cord that binds the box tightly.,cut,cord,binds,box,tightly,
28,4. The red tape bound the smuggled food.,red,tape,bound,smuggled,food,
28,5. Look in the corner to find the tan shirt.,look,corner,find,tan,shirt,
28,6. The cold drizzle will halt the bond drive.,cold,drizzle,halt,bond,drive,I feel like “will” can be considered a key word but there are only five key words so it wasn’t included as it has been in the past.
28,7. Nine men were hired to dig the ruins.,nine,men,hired,dig,ruins,“were” is a verb and so I think it could be considered but there are only five key words.
28,8. The junk yard had a moldy smell.,junk,yard,had,moldy,smell,
28,9. The flint sputtered and lit a pine torch.,flint,sputtered,lit,pine,torch,
28,10. Soak the cloth and drown the sharp odor.,soak,cloth,drown,sharp,odor,
29,1. The shelves were bare of both jam or crackers.,shelves,bare,both,jam,crackers,“were” is a verb and so I think it could be considered but there are only five key words.
29,2. A joy to every child is the swan boat.,joy,every,child,swan,boat,
29,3. All sat frozen and watched the screen.,all,sat,frozen,watched,screen,
29,4. A cloud of dust stung his tender eyes.,cloud,dust,stung,tender,eyes,
29,5. To reach the end he needs much courage.,reach,end,needs,much,courage,"Same here, ""he"" could be considered I believe but there are only five key words."
29,6. Shape the clay gently into block form.,shape,clay,gently,block,form,
29,7. The ridge on a smooth surface is a bump or flaw.,ridge,smooth,surface,bump,flaw,
29,8. Hedge apples may stain your hands green.,hedge,apples,stain,hands,green,“may” and “your” could be considered as key words but there are only five key words.
29,"9. Quench your thirst, then eat the crackers.",quench,your,thirst,eat,crackers,"Didn’t include “then” because the others are verbs, pronouns, or a noun and “then” is an adverb."
29,10. Tight curls get limp on rainy days.,tight,curls,limp,rainy,days,I feel like “get” can be considered a key word since it’s a verb but there are only five key words so it wasn’t included.
30,1. The mute muffled the high tones of the horn.,mute,muffled,high,tones,horn,
30,2. The gold ring fits only a pierced ear.,gold,ring,only,pierced,ear,I feel like “fits” can be considered a key word since it’s used as a verb but there are only five key words so it wasn’t included.
30,3. The old pan was covered with hard fudge.,old,pan,covered,hard,fudge,
30,4. Watch the log float in the wide river.,watch,log,float,wide,river,
30,5. The node on the stalk of wheat grew daily.,node,stalk,wheat,grew,daily,
30,6. The heap of fallen leaves was set on fire.,heap,fallen,leaves,set,fire,"Same here, “was” could be considered but there are only five key words."
30,"7. Write fast, if you want to finish early.",write,fast,want,finish,early,"Same here, “you” could be considered but there are only five key words."
30,8. His shirt was clean but one button was gone.,shirt,clean,one,button,gone,"Same here, “his” and “was” could be considered I believe but there are only five key words."
30,9. The barrel of beer was a brew of malt and hops.,barrel,beer,brew,malt,hops,"Same here, “was” could be considered but there are only five key words."
30,10. Tin cans are absent from store shelves.,tin,cans,absent,store,shelves,
31,1. Slide the box into that empty space.,slide,box,into,empty,space,
31,2. The plant grew large and green in the window.,plant,grew,large,green,window,
31,3. The beam dropped down on the workmen’s head.,beam,dropped,down,workmen’s,head,
31,4. Pink clouds floated with the breeze.,pink,clouds,floated,with,breeze,
31,"5. She danced like a swan, tall and graceful.",she,danced,swan,tall,graceful,
31,6. The tube was blown and the tire flat and useless.,tube,blown,tire,flat,useless,
31,7. It is late morning on the old wall clock.,late,morning,old,wall,clock,
31,8. Let’s all join as we sing the last chorus.,all,join,sing,last,chorus,
31,9. The last switch cannot be turned off.,last,switch,cannot,turned,off,
31,10. The fight will end in just six minutes.,fight,end,just,six,minutes,I feel like “will” can be considered a key word but there are only five key words so it wasn’t included as it has been in the past.
32,1. The store walls were lined with colored frocks.,store,walls,lined,colored,frocks,“were” is a verb and so I think it could be considered but there are only five key words.
32,2. The peace league met to discuss their plans.,peace,league,met,discuss,plans,"Same here, “their” could be considered a key word I believe but there are only five key words."
32,3. The rise to fame of a person takes luck.,rise,fame,person,takes,luck,
32,"4. Paper is scarce, so write with much care.",paper,scarce,write,much,care,
32,5. The quick fox jumped on the sleeping cat.,quick,fox,jumped,sleeping,cat,
32,6. The nozzle of the fire hose was bright brass.,nozzle,fire,hose,bright,brass,"Same here, “was” could be considered but there are only five key words."
32,7. Screw the round cap on as tight as needed.,screw,round,cap,tight,needed,
32,8. Time brings us many changes.,time,brings,us,many,changes,
32,9. The purple tie was ten years old.,purple,tie,ten,years,old,"Same here, “was” could be considered but there are only five key words."
32,10. Men think and plan and sometimes act.,men,think,plan,sometimes,act,
33,1. Fill the ink jar with sticky glue.,fill,ink,jar,sticky,glue,
33,2. He smoke a big pipe with strong contents.,smoke,big,pipe,strong,contents,"Same here, ""he"" could be considered I believe but there are only five key words."
33,3. We need grain to keep our mules healthy.,need,grain,keep,mules,healthy,"Same here, “we” could be considered I believe but there are only five key words."
33,4. Pack the records in a neat thin case.,pack,records,neat,thin,case,
33,5. The crunch of feet in the snow was the only sound.,crunch,feet,snow,only,sound,"Same here, “was” could be considered but there are only five key words."
33,6. The copper bowl shone in the sun’s rays.,copper,bowl,shone,sun’s,rays,
33,7. Boards will warp unless kept dry.,boards,warp,unless,kept,dry,I feel like “will” can be considered a key word but there are only five key words so it wasn’t included as it has been in the past.
33,8. The plush chair leaned against the wall.,plush,chair,leaned,against,wall,
33,9. Glass will clink when struck by metal.,glass,clink,when,struck,metal,I feel like “will” can be considered a key word but there are only five key words so it wasn’t included as it has been in the past.
33,10. Bathe and relax in the cool green grass.,bathe,relax,cool,green,grass,
34,1. Nine rows of soldiers stood in line.,nine,rows,soldiers,stood,line,
34,2. The beach is dry and shallow at low tide.,beach,dry,shallow,low,tide,
34,3. The idea is to sew both edges straight.,idea,sew,both,edges,straight,
34,4. The kitten chased the dog down the street.,kitten,chased,dog,down,street,
34,5. Pages bound in cloth make a book.,pages,bound,cloth,make,book,
34,6. Try to trace the fine lines of the painting.,try,trace,fine,lines,painting,
34,7. Women form less than half of the group.,women,form,less,half,group,
34,8. The zones merge in the central part of town.,zones,merge,central,part,town,
34,9. A gem in the rough needs work to polish.,gem,rough,needs,work,polish,
34,10. Code is used when secrets are sent.,code,used,when,secrets,sent,
35,1. Most of the new is easy for us to hear.,most,new,easy,us,hear,
35,2. He used the lathe to make brass objects.,used,lathe,make,brass,objects,"Same here, ""he"" could be considered I believe but there are only five key words."
35,3. The vane on top of the pole revolved in the wind.,vane,top,pole,revolved,wind,
35,4. Mince pie is a dish served to children.,mince,pie,dish,served,children,
35,5. The clan gathered on each dull night.,clan,gathered,each,dull,night,
35,"6. Let it burn, it gives us warmth and comfort.",burn,gives,us,warmth,comfort,I feel like “let” can be considered a key word since it’s used as a verb but there are only five key words so it wasn’t included.
35,7. A castle built from sand fails to endure.,castle,built,sand,fails,endure,
35,8. A child’s wit saved the day for us.,child’s,wit,saved,day,us,
35,9. Tack the strip of carpet to the worn floor.,tack,strip,carpet,worn,floor,
35,10. Next Tuesday we must vote.,next,tuesday,we,must,vote,
36,1. Pour the stew from the pot into the plate.,pour,stew,from,pot,plate,
36,2. Each penny shone like new.,each,penny,shone,like,new,
36,3. The man went to the woods to gather sticks.,man,went,woods,gather,sticks,
36,4. The dirt piles were lines along the road.,dirt,piles,lines,along,road,I feel like “were” can be considered a key word since it’s a verb but there are only five key words so it wasn’t included.
36,5. The logs fell and tumbled into the clear stream.,logs,fell,tumbled,clear,stream,
36,6. Just hoist up and take it away.,just,hoist,up,take,away,
36,7. A ripe plum is fit for a king’s palate.,ripe,plum,fit,king’s,palate,
36,8. Our plans right now are hazy.,our,plans,right,now,hazy,
36,9. Brass rings are sold by these natives.,brass,rings,sold,these,natives,
36,10. It takes a good trap to capture a bear.,takes,good,trap,capture,bear,
37,1. Feed the white mouse some flower seeds.,feed,white,mouse,flower,seeds,
37,2. The thaw came early and freed the stream.,thaw,came,early,freed,stream,
37,3. He took the lead and kept it the whole distance.,took,lead,kept,whole,distance,"Same here, ""he"" could be considered I believe but there are only five key words."
37,4. The key you designed will fit the lock.,key,designed,will,fit,lock,"Same here, “you” could be considered but there are only five key words."
37,5. Plead to the council to free the poor thief.,plead,council,free,poor,thief,
37,6. Better hash is made of rare beef.,better,hash,made,rare,beef,
37,7. This plank was made for walking on.,this,plank,was,made,walking,
37,8. The lake sparkled in the red hot sun.,lake,sparkled,red,hot,sun,
37,9. He crawled with care along the ledge.,he,crawled,care,along,ledge,
37,10. Tend the sheep while the dog wanders.,tend,sheep,while,dog,wanders,
38,1. It takes a lot of help to finish these.,takes,lot,help,finish,these,
38,2. Mark the spot with a sign painted red.,mark,spot,sign,painted,red,
38,3. Take two shares as a fair profit.,take,two,shares,fair,profit,
38,4. The fur of cats goes by many names.,fur,cats,goes,many,names,
38,5. North winds bring colds and fevers.,north,winds,bring,colds,fevers,
38,6. He asks no person to vouch for him.,he,asks,person,vouch,him,
38,7. Go now and come here later.,go,now,come,here,later,
38,8. A sash of gold silk will trim her dress.,sash,gold,silk,trim,dress,"I feel like ""will"" and “her” could be considered as key words but there are only five key words."
38,9. Soap can wash most dirt away.,soap,wash,most,dirt,away,
38,10. That move means the game is over.,that,move,means,game,over,
39,1. He wrote down a long list of items.,wrote,down,long,list,items,"Same here, ""he"" could be considered I believe but there are only five key words."
39,2. A siege will crack the strong defense.,siege,will,crack,strong,defense,
39,3. Grape juice and water mix well.,grape,juice,water,mix,well,
39,4. Roads are paved with sticky tar.,roads,paved,with,sticky,tar,
39,5. Fake stones shine but cost little.,fake,stones,shine,cost,little,
39,6. The drip of the rain made a pleasant sound.,drip,rain,made,pleasant,sound,
39,7. Smoke poured out of every crack.,smoke,poured,out,every,crack,
39,8. Serve the hot rum to the tired heroes.,serve,hot,rum,tired,heroes,
39,9. Much of the story makes good sense.,much,story,makes,good,sense,
39,10. The sun came up to light the eastern sky.,sun,came,light,eastern,sky,I feel like “up” could be considered a key word but there are only five key words.
40,1. Heave the line over the port side.,heave,line,over,port,side,
40,2. A lathe cuts and trims any wood.,lathe,cuts,trims,any,wood,
40,3. It's a dense crowd in two distinct ways.,dense,crowd,two,distinct,ways,
40,4. His hip struck the knee of the next player.,hip,struck,knee,next,player,"Same here, “his” could be considered I believe but there are only five key words."
40,5. The stale smell of old beer lingers.,stale,smell,old,beer,lingers,
40,6. The desk was firm on the shaky floor.,desk,was,firm,shaky,floor,
40,7. It takes heat to bring out the odor.,takes,heat,bring,out,odor,
40,8. Beef is scarcer than some lamb.,beef,scarcer,than,some,lamb,
40,9. Raise the sail and steer the ship northward.,raise,sail,steer,ship,northward,
40,10. The cone costs five cents on Mondays.,cone,costs,five,cents,Mondays,
41,1. A pod is what peas always grow in.,pod,what,peas,always,grow,
41,2. Jerk the dart from the cork target.,jerk,dart,from,cork,target,
41,3. No cement will hold hard wood.,cement,will,hold,hard,wood,I feel like “no” could be considered a key word but there are only five key words.
41,4. We now have a new base for shipping.,now,have,new,base,shipping,"Same here, “we” could be considered I believe but there are only five key words."
41,5. The list of names is carved around the base.,list,names,carved,around,base,
41,6. The sheep were led home by a dog.,sheep,were,led,home,dog,
41,"7. Three for a dime, the young peddler cried.",three,dime,young,peddler,cried,
41,8. The sense of smell is better than that of touch.,sense,smell,better,than,touch,
41,9. No hardship seemed to keep him sad.,hardship,seemed,keep,him,sad,I feel like “no” could be considered a key word but there are only five key words.
41,10. Grace makes up for lack of beauty.,grace,makes,up,lack,beauty,
42,1. Nudge gently but wake her now.,nudge,gently,wake,her,now,
42,2. The news struck doubt into restless minds.,news,struck,doubt,restless,minds,
42,3. Once we stood beside the shore.,once,we,stood,beside,shore,
42,4. A chink in the wall allowed a draft to blow.,chink,wall,allowed,draft,blow,
42,5. Fasten two pins on each side.,fasten,two,pins,each,side,
42,6. A cold dip restores health and zest.,cold,dip,restores,health,zest,
42,7. He takes the oath of office each March.,takes,oath,office,each,March,"Same here, ""he"" could be considered I believe but there are only five key words."
42,8. The sand drifts over the sill of the old house.,sand,drifts,sill,old,house,I feel like “over” could be considered a key word but there are only five key words.
42,9. The point of the steel pen was bent and twisted.,point,steel,pen,bent,twisted,
42,10. There is a lag between thought and act.,there,lag,between,thought,act,
43,1. Seed is needed to plant the spring corn.,seed,needed,plant,spring,corn,
43,2. Draw the chart with heavy black lines.,draw,chart,heavy,black,lines,
43,3. The boy owed his pal thirty cents.,boy,owed,pal,thirty,cents,"Same here, “his” could be considered I believe but there are only five key words."
43,4. The chap slipped into the crowd and was lost.,chap,slipped,crowd,was,lost,
43,5. Hats are worn to tea and not to dinner.,hats,worn,tea,not,dinner,
43,6. The ramp led up to the wide highway.,ramp,led,up,wide,highway,
43,7. Beat the dust from the rug onto the lawn.,beat,dust,rug,onto,lawn,
43,8. Say it slowly but make it ring clear.,say,slowly,make,ring,clear,
43,9. The straw nest housed five robins.,straw,nest,housed,five,robins,
43,10. Screen the porch with woven straw mats.,screen,porch,woven,straw,mats,
44,1. This horse will nose his way to the finish.,horse,will,nose,way,finish,"Same here, “his” could be considered I believe but there are only five key words."
44,2. The dry wax protects the deep scratch.,dry,wax,protects,deep,scratch,
44,3. He picked up the dice for a second roll.,picked,up,dice,second,roll,"Same here, ""he"" could be considered I believe but there are only five key words."
44,4. These coins will be needed to pay his debt.,coins,will,needed,pay,debt,"Same here, “these” and “his” could be considered I believe but there are only five key words."
44,5. The nag pulled the frail cart along.,nag,pulled,frail,cart,along,
44,6. Twist the valve and release hot steam.,twist,valve,release,hot,steam,
44,7. The vamp of the shoe had a gold buckle.,vamp,shoe,had,gold,buckle,
44,8. The smell of burned rags itches my nose.,smell,burned,rags,itches,nose,
44,9. New pants lack cuffs and pockets.,new,pants,lack,cuffs,pockets,
44,10. The marsh will freeze when cold enough.,marsh,freeze,when,cold,enough,I feel like “will” can be considered a key word but there are only five key words so it wasn’t included as it has been in the past.
45,1. They slice the sausage thin with a knife.,they,slice,sausage,thin,knife,
45,2. The bloom of the rose lasts a few days.,bloom,rose,lasts,few,days,
45,3. A gray mare walked before the colt.,gray,mare,walked,before,colt,
45,4. Breakfast buns are fine with a hot drink.,breakfast,buns,fine,hot,drink,
45,5. Bottles hold four kinds of rum.,bottles,hold,four,kinds,rum,
45,6. The man wore a feather in his felt hat.,man,wore,feather,felt,hat,"Same here, “his” could be considered I believe but there are only five key words."
45,7. He wheeled the bike past the winding road.,wheeled,bike,past,winding,road,"Same here, ""he"" could be considered I believe but there are only five key words."
45,8. Drop the ashes on the worn old rug.,drop,ashes,worn,old,rug,
45,9. The desk and both chairs were painted tan.,desk,both,chairs,painted,tan,I feel like “were” can be considered a key word since it’s a verb but there are only five key words so it wasn’t included.
45,10. Throw out the used paper cup and plate.,throw,used,paper,cup,plate,I feel like “out” could be considered a key word but there are only five key words.
46,1. A clean neck means a neat collar.,clean,neck,means,neat,collar,
46,2. The couch cover and hall drapes were blue.,couch,cover,hall,drapes,blue,I feel like “were” can be considered a key word since it’s a verb but there are only five key words so it wasn’t included.
46,3. The stems of the tall glasses cracked and broke.,stems,tall,glasses,cracked,broke,
46,4. The wall phone rang loud and often.,wall,phone,rang,loud,often,
46,5. The clothes dried on a thin wooden rack.,clothes,dried,thin,wooden,rack,
46,6. Turn on the lantern which gives us light.,turn,lantern,which,gives,lights,"Same here, “us” could be considered I believe but there are only five key words."
46,7. The cleat sank deeply into the soft turf.,cleat,sank,deeply,soft,turf,
46,8. The bills were mailed promptly on the tenth of the month.,bills,mailed,promptly,tenth,month,I feel like “were” can be considered a key word since it’s a verb but there are only five key words so it wasn’t included.
46,9. To have is better than to wait and hope.,have,better,than,wait,hope,
46,10. The price is fair for a good antique clock.,price,fair,good,antique,clock,
47,1. The music played on while they talked.,music,played,while,they,talked,
47,2. Dispense with a vest on a day like this.,dispense,vest,day,like,this,
47,3. The bunch of grapes was pressed into wine.,bunch,grapes,was,pressed,wine,
47,"4. He sent the figs, but kept the ripe cherries.",sent,figs,kept,ripe,cherries,"Same here, ""he"" could be considered I believe but there are only five key words."
47,5. The hinge on the door creaked with old age.,hinge,door,creaked,old,age,
47,6. The screen before the fire kept in the sparks.,screen,before,fire,kept,sparks,
47,"7. Fly by night, and you waste little time.",fly,night,waste,little,time,"Same here, “you” could be considered but there are only five key words."
47,8. Thick glasses helped him read the print.,thick,glasses,helped,read,print,"Same here, “him” could be considered I believe but there are only five key words."
47,9. Birth and death mark the limits of life.,birth,death,mark,limits,life,
47,10. The chair looked strong but had no bottom.,chair,looked,strong,had,bottom,I feel like “no” could be considered a key word but there are only five key words.
48,1. The kite flew wildly in the high wind.,kite,flew,wildly,high,wind,
48,2. A fur muff is stylish once more.,fur,muff,stylish,once,more,
48,3. The tin box held priceless stones.,tin,box,held,priceless,stones,
48,4. We need an end of all such matter.,we,need,end,such,matter,
48,5. The case was puzzling to the old and wise.,case,was,puzzling,old,wise,
48,6. The bright lanterns were gay on the dark lawn.,bright,lanterns,gay,dark,lawn,I feel like “were” can be considered a key word since it’s a verb but there are only five key words so it wasn’t included.
48,7. We don’t get much money but we have fun.,don’t,get,much,money,fun,"Same here, “we” could be considered I believe but there are only five key words."
48,"8. The youth drove with zest, but little skill.",youth,drove,zest,little,skill,
48,9. Five years he lived with a shaggy dog.,five,years,lived,shaggy,dog,"Same here, ""he"" could be considered I believe but there are only five key words."
48,10. A fence cuts through the corner lot.,fence,cuts,through,corner,lot,
49,1. The way to save money is not to spend much.,way,save,money,spend,much,
49,2. Shut the hatch before the waves push it in.,shut,hatch,before,waves,push,
49,3. The odor of spring makes young hearts jump.,odor,spring,young,hearts,jump,I feel like “make” can be considered a key word but there are only five key words so it wasn’t included.
49,4. Crack the walnut with your sharp side teeth.,crack,walnut,sharp,side,teeth,"Same here, “your” could be considered I believe but there are only five key words."
49,5. He offered proof in the form of a large chart.,offered,proof,form,large,chart,"Same here, ""he"" could be considered I believe but there are only five key words."
49,6. Send the stuff in a thick paper bag.,send,stuff,thick,paper,bag,
49,7. A quart of milk is water for the most part.,quart,milk,water,most,part,
49,8. They told wild tales to frighten him.,they,wild,tales,frighten,him,"Same here, “they” could be considered I believe but there are only five key words."
49,9. The three story house was built of stone.,three,story,house,built,stone,
49,10. In the rear of the ground floor was a large passage.,rear,ground,floor,large,passage,
50,1. A man in a blue sweater sat at the desk.,man,blue,sweater,sat,desk,
50,2. Oats are a food eaten by horse and man.,oats,food,eaten,horse,man,
50,3. Their eyelids droop for want of sleep.,their,eyelids,droop,want,sleep,
50,4. The sip of tea revives his tired friend.,sip,tea,revives,tired,friend,"Same here, “his” could be considered I believe but there are only five key words."
50,5. There are many ways to do these things.,there,many,ways,these,things,
50,6. Tuck the sheet under the edge of the mat.,tuck,sheet,under,edge,mat,
50,7. A force equal to that would move the earth.,force,equal,would,move,earth,
50,8. We like to see clear weather.,we,like,see,clear,weather,
50,9. The work of the tailor is seen on each side.,work,tailor,seen,each,side,
50,10. Take a chance and win a china doll.,take,chance,win,china,doll,
51,"1. Shake the dust from your shoes, stranger.",shake,dust,your,shoes,stranger,
51,2. She was kind to sick old people.,she,kind,sick,old,people,
51,3. The dusty bench stood by the stone wall.,dusty,bench,stood,stone,wall,
51,4. The square wooden crate was packed to be shipped.,square,wooden,crate,packed,shipped,
51,5. We dress to suit the weather of most days.,dress,suit,weather,most,days,"Same here, “we” could be considered I believe but there are only five key words."
51,6. Smile when you say nasty words.,smile,when,you,nasty,words,I feel like “say” can be considered a key word since it’s used as a verb but there are only five key words so it wasn’t included.
51,7. A bowl of rice is free with chicken stew.,bowl,rice,free,chicken,stew,
51,8. The water in this well is a source of good health.,water,well,source,good,health,
51,"9. Take shelter in this tent, but keep still.",take,shelter,tent,keep,still,
51,10. That guy is the writer of a few banned books.,guy,writer,few,banned,books,
52,1. The little tales they tell are false.,little,tales,they,tell,False,
52,"2. The door was barred, locked, and bolted as well.",door,barred,locked,bolted,well,
52,3. Ripe pears are fit for a queen’s table.,ripe,pears,fit,queen’s,table,
52,4. A big wet stain was on the round carpet.,big,wet,stain,round,carpet,
52,"5. The kite dipped and swayed, but stayed aloft.",kite,dipped,swayed,stayed,aloft,
52,6. The pleasant hours fly by much too soon.,pleasant,hours,fly,much,soon,
52,7. The room was crowded with a wild mob.,room,was,crowded,wild,mob,
52,8. This strong arm shall shield your honor.,strong,arm,shall,shield,honor,"Same here, “your” could be considered I believe but there are only five key words."
52,9. She blushed when he gave her a white orchid.,blushed,when,gave,white,orchid,"Same here, ""she"" could be considered I believe but there are only five key words."
52,10. The beetle droned in the hot June sun.,beetle,droned,hot,June,sun,
53,1. Press the pedal with your left foot.,press,pedal,your,left,foot,
53,2. Neat plans fail without luck.,neat,plans,fail,without,luck,
53,3. The black trunk fell from the landing.,black,trunk,fell,from,landing,
53,4. The bank pressed for payment of the debt.,bank,pressed,for,payment,debt,
53,5. The theft of the pearl pin was kept secret.,theft,pearl,pin,kept,secret,
53,6. Shake hands with this friendly child.,shake,hands,this,friendly,child,
53,7. The vast space stretched into the far distance.,vast,space,stretched,far,distance,
53,8. A rich farm is rare in this sandy waste.,rich,farm,rare,sandy,waste,
53,9. His wide grin earned many friends.,wide,grin,earned,many,friends,"Same here, “his” could be considered I believe but there are only five key words."
53,10. Flax makes a fine brand of paper.,flax,makes,fine,brand,paper,
54,1. Hurdle the pit with the aid of a long pole.,hurdle,pit,aid,long,pole,
54,2. A strong bid may scare your partner stiff.,strong,bid,scare,partner,stiff,"Same here, “your” and “may” could be considered I believe but there are only five key words."
54,3. Even a just cause needs power to win.,just,cause,needs,power,win,I feel like “even” could be considered a key word but there are only five key words.
54,4. Peep under the tent and see the clowns.,peep,under,tent,see,clowns,
54,5. The leaf drifts along with a slow spin.,leaf,drifts,along,slow,spin,
54,6. Cheap clothes are flashy but don’t last.,cheap,clothes,flashy,don’t,last,
54,7. A thing of small note can cause despair.,thing,small,note,cause,despair,I feel like “can” could be considered a key word but there are only five key words.
54,8. Flood the mails with requests for this book.,flood,mails,requests,this,book,
54,9. A thick coat of black paint covered all.,thick,coat,black,paint,covered,
54,10. The pencil was cut to be sharp at both ends.,pencil,cut,sharp,both,ends,
55,1. Those last words were a strong statement.,those,last,words,strong,statement,I feel like “were” can be considered a key word since it’s a verb but there are only five key words so it wasn’t included.
55,2. He wrote his name boldly at the top of tile sheet.,wrote,name,boldly,tile,sheet,"Same here, “he”, “his”, and “top” could be considered I believe but there are only five key words."
55,3. Dill pickles are sour but taste fine.,dill,pickles,sour,taste,fine,
55,4. Down that road is the way to the grain farmer.,down,road,way,gain,farmer,
55,5. Either mud or dust are found at all times.,either,mud,dust,found,times,
55,6. The best method is to fix it in place with clips.,best,method,fix,place,clips,
55,7. If you mumble your speech will be lost.,you,mumble,your,speech,lost,I feel like “will” can be considered a key word but there are only five key words so it wasn’t included as it has been in the past.
55,8. At night the alarm roused him from a deep sleep.,night,alarm,roused,deep,sleep,"Same here, “him” could be considered I believe but there are only five key words."
55,9. Read just what the meter says.,read,just,what,meter,says,
55,10. Fill your pack with bright trinkets for the poor.,fill,pack,bright,trinkets,poor,"Same here, “your” could be considered I believe but there are only five key words."
56,1. The small red neon lamp went out.,small,red,neon,lamp,out,I feel like “went” can be considered a key word since it’s used as a verb but there are only five key words so it wasn’t included.
56,"2. Clams are small, round, soft, and tasty.",clams,small,round,soft,tasty,
56,3. The fan whirled its round blades softly.,fan,whirled,round,blades,softly,
56,4. The line where the edges join was clean.,line,where,edges,join,clean,
56,5. Breathe deep and smell the piny air.,breathe,deep,smell,piny,air,
56,6. It matters not if he reads these words or those.,matters,reads,these,words,those,"Same here, ""he"" could be considered I believe but there are only five key words."
56,7. A brown leather bag hung from its strap.,brown,leather,bag,hung,strap,
56,8. A toad and a frog are hard to tell apart.,toad,frog,hard,tell,apart,
56,9. A white silk jacket goes with any shoes.,white,silk,jacket,goes,shoes,
56,10. A break in the dam almost cause a flood.,break,dam,almost,caused,flood,
57,1. Paint the sockets in the wall dull green.,paint,sockets,wall,dull,green,
57,2. The child crawled into the dense grass.,child,crawled,into,dense,grass,
57,3. Bribes fail where honest men work.,bribes,fail,honest,men,work,
57,"4. Trample the spark, else the flames will spread.",trample,spark,else,flames,spread,I feel like “will” can be considered a key word but there are only five key words so it wasn’t included as it has been in the past.
57,5. The hilt of the sword was carved with fine designs.,hilt,sword,carved,fine,designs,
57,6. A round hole was drilled through the thin board.,round,hole,drilled,thin,board,I feel like “through” could be considered a key word but there are only five key words.
57,7. Footprints showed the path he took up the beach.,footprints,showed,path,took,beach,I feel like “he” and “up” could be considered a key word but there are only five key words.
57,8. She was waiting at my front lawn.,she,waiting,my,front,lawn,
57,9. A vent near the edge brought in fresh air.,vent,near,edge,fresh,air,I feel like “brought” could be considered a key word but there are only five key words.
57,10. Prod the old mule with a crooked stick.,prod,old,mule,crooked,stick,
58,1. It is a band of steel three inches wide.,band,steel,three,inches,wide,
58,2. The pipe ran almost the length of the ditch.,pipe,ran,almost,length,ditch,
58,3. It was hidden from sign by a mass of leaves and shrubs.,hidden,sight,mass,leaves,shrubs,
58,4. The weight of the package was seen on the high scale.,weight,package,seen,high,scale,
58,"5. Wake and rise, and step into the green outdoors.",wake,rise,step,green,outdoors,
58,6. The green light in the brown box flickered.,green,light,brown,box,flickered,
58,7. The brass tube circled the high wall.,brass,tube,circled,high,wall,
58,8. The lobes of her ears were pierced to hold rings.,lobes,ears,pierced,hold,rings,I feel like “her” and “were” could be considered key words but there are only five key words.
58,9. Hold the hammer near the end to drive the nail.,hold,hammer,end,drive,nail,"Same here, “near"" could be considered I believe but there are only five key words."
58,10. Next Sunday is the twelfth of the month.,next,Sunday,is,twelfth,month,I wasn’t sure which to include whether “is” or “the” so I included “is” for the key term since it is considered a verb.
59,1. Every word and phrase he speaks is true.,every,word,phrase,speaks,True,"Same here, ""he"" could be considered I believe but there are only five key words."
59,2. He put his last cartridge into the gun and fired.,put,last,cartridge,gun,fired,"Same here, “he” and “his” could be considered I believe but there are only five key words."
59,3. They took their kids from the public school.,they,took,kids,public,school,"Same here, “their” could be considered a key word I believe but there are only five key words."
59,4. Drive the screw straight into the wood.,drive,screw,straight,into,wood,
59,5. Keep the hatch tight and the watch constant.,keep,hatch,tight,watch,constant,
59,6. Sever the twine with a quick snip of the knife.,sever,twine,quick,snip,knife,
59,7. Paper will dry out when wet.,paper,dry,out,when,wet,I feel like “will” can be considered a key word but there are only five key words so it wasn’t included as it has been in the past.
59,8. Slide the catch back and open the desk.,slide,catch,back,open,desk,
59,9. Help the weak to preserve their strength.,help,weak,preserve,their,strength,
59,10. A sullen smile gets few friends.,sullen,smile,gets,few,friends,
60,1. Stop whistling and watch the boys march.,stop,whistling,watch,boys,March,
60,"2. Jerk the cord, and out tumbles the gold.",jerk,cord,out,tumbles,gold,
60,3. Slide the tray across the glass top.,slide,tray,across,glass,top,
60,4. The cloud moved in a stately way and was gone.,cloud,moved,stately,way,gone,
60,5. Light maple makes for a swell room.,light,maple,makes,swell,room,
60,6. Set the piece here and say nothing.,set,piece,here,say,nothing,
60,7. Dull stories make her laugh.,dull,stories,make,her,laugh,
60,8. A stiff cord will do to fasten your shoe.,stiff,cord,fasten,your,shoe,I feel like “will” can be considered a key word but there are only five key words so it wasn’t included as it has been in the past.
60,9. Get the trust fund to the bank early.,get,trust,fund,bank,early,
60,10. Choose between the high road and the low.,choose,between,high,road,low,
61,1. A plea for funds seems to come again.,plea,funds,seems,come,again,
61,2. He lent his coat to the tall gaunt stranger.,lent,coat,tall,gaunt,stranger,"Same here, “he” and “his” could be considered I believe but there are only five key words."
61,3. There is a strong chance it will happen once more.,strong,chance,happen,once,more,"Same here, “his” could be considered I believe but there are only five key words."
61,4. The duke left the park in a silver coach.,duke,left,park,silver,coach,
61,5. Greet the new guests and leave quickly.,greet,new,guests,leave,quickly,
61,6. When the frost has come it is time for turkey.,when,frost,come,time,turkey,
61,7. Sweet words work better than fierce.,sweet,words,work,better,fierce,
61,8. A thin stripe runs down the middle.,thin,stripe,runs,down,middle,
61,9. A six comes up more often than a ten.,six,comes,more,often,ten,I feel like “up” could be considered a key word but there are only five key words.
61,10. Lush fern grow on the lofty rocks.,lush,fern,grow,lofty,rocks,
62,1. The ram scared the school children off.,ram,scared,school,children,off,
62,2. The team with the best timing looks good.,team,best,timing,looks,good,
62,3. The farmer swapped his horse for a brown ox.,farmer,swapped,horse,brown,ox,"Same here, “his” could be considered I believe but there are only five key words."
62,4. Sit on the perch and tell the others what to do.,sit,perch,tell,others,do,
62,5. A steep trail is painful for our feet.,steep,trail,painful,our,feet,
62,6. The early phase of life moves fast.,early,phase,life,moves,fast,
62,7. Green moss grows on the northern side.,green,moss,grows,nothern,side,
62,8. Tea in thin china has a sweet taste.,tea,thin,china,sweet,taste,
62,9. Pitch the straw through the door of the stable.,pitch,straw,through,door,stable,
62,10. The latch on the beck gate needed a nail.,latch,beck,gate,needed,nail,
63,1. The goose was brought straight from the old market.,goose,brought,straight,old,market,
63,2. The sink is the thing in which we pile dishes.,sink,thing,which,pile,dishes,"Same here, “we” could be considered I believe but there are only five key words."
63,3. A whiff of it will cure the most stubborn cold.,whiff,cure,most,stubborn,child,I feel like “will” can be considered a key word but there are only five key words so it wasn’t included as it has been in the past.
63,4. The facts don’t always show who is right.,facts,don’t,always,show,right,I feel like “who” can be considered a key word but there are only five key words.
63,5. She flaps her cape as she parades the street.,she,flaps,cape,parades,street,"Same here, ""her"" and the second “she” could be considered I believe but there are only five key words."
63,6. The loss of the cruiser was a blow to the fleet.,loss,cruiser,was,blow,fleet,
63,7. Loop the braid to the left and then over.,loop,braid,left,then,over,
63,8. Plead with the lawyer to drop the lost cause.,plead,lawyer,drop,lost,cause,
63,9. Calves thrive on tender spring grass.,calves,thrive,tender,spring,grass,
63,10. Post no bills on this office wall.,post,no,bills,office,wall,
64,1. Tear a thin sheet from the yellow pad.,tear,thin,sheet,yellow,pad,
64,2. A cruise in warm waters in a sleek yacht is fun.,cruise,warm,waters,sleek,yacht,"More than five key words, first five were selected."
64,3. A streak of color ran down the left edge.,streak,color,ran,down,left,"More than five key words, first five were selected."
64,4. It was done before the boy could see it.,done,before,boy,could,see,
64,5. Crouch before you jump or miss the mark.,crouch,before,jump,miss,mark,"Same here, “you"" could be considered I believe but there are only five key words."
64,6. Pack the kits and don’t forget the salt.,pack,kits,don’t,forget,salt,
64,7. The square peg will settle in the round hole.,square,peg,settle,round,hole,I feel like “will” can be considered a key word but there are only five key words so it wasn’t included as it has been in the past.
64,8. Fine soap saves tender skin.,fine,soap,saves,tender,skin,
64,9. Poached eggs and tea must suffice.,poached,eggs,tea,must,suffice,
64,10. Bad nerves are jangled by a door slam.,bad,nerves,jangled,door,slam,
65,1. Ship maps are different from those for planes.,ship,maps,different,those,planes,
65,2. Dimes showered down from all sides.,dimes,showered,down,all,sides,
65,3. They sang the same tunes at each party.,sang,same,tunes,each,party,"Same here, “they” could be considered I believe but there are only five key words."
65,4. The sky in the west is tinged with orange red.,sky,west,tinged,orange,red,
65,5. The pods of peas ferment in bare fields.,pods,peas,ferment,bare,fields,
65,6. The horse balked and threw the tall rider.,horse,balked,threw,tall,rider,
65,7. The hitch between the horse and cart broke.,hitch,between,horse,cart,broke,
65,8. Pile the coal high in the shed corner.,pile,coal,high,shed,corner,
65,9. The gold vase is both rare and costly.,gold,vase,both,rare,costly,
65,10. The knife was hung inside its bright sheath.,knife,hung,inside,bright,sheath,
66,1. The rarest spice comes from the far East.,rarest,spice,comes,far,East,
66,2. The roof should be tilted at a sharp slant.,roof,should,tilted,sharp,slant,
66,3. A smatter of French is worse than none.,smatter,French,worse,than,none,
66,4. The mule trod the treadmill day and night.,mule,trod,treadmill,day,night,
66,5. The aim of the contest is to raise a great fund.,aim,contest,raise,great,fund,
66,6. To send it now in large amounts is bad.,send,now,large,amounts,bad,
66,7. There is a fine hard tang in salty air.,fine,hard,tang,salty,air,
66,8. Cod is the main business of the north shore.,cod,main,business,north,shore,
66,9. The slab was hewn from heavy blocks of slate.,slab,hewn,heavy,blocks,slate,
66,10. Dunk the stale biscuits into strong drink.,dunk,stale,biscuits,strong,drink,
67,1. Hang tinsel from both branches.,hang,tinsel,from,both,branches,
67,2. Cap the jar with a tight brass cover.,cap,jar,tight,brass,cover,
67,3. The poor boy missed the boat again.,poor,boy,missed,boat,again,
67,4. Be sure to set the lamp firmly in the hole.,sure,set,lamp,firmly,hole,
67,5. Pick a card and slip it under the pack.,pick,card,slip,under,pack,
67,6. A round mat will cover the dull spot.,round,mat,cover,dull,spot,
67,7. The first part of the plan needs to change.,first,part,plan,needs,change,
67,8. The good book informs of what we ought to know.,good,book,informs,ought,know,"Same here, “we” could be considered I believe but there are only five key words."
67,9. The mail comes in three batches per day.,mail,comes,three,batches,day,
67,10. You cannot brew tea in a cold pot.,cannot,brew,tea,cold,pot,"Same here, “you"" could be considered I believe but there are only five key words."
68,1. Dots of light betrayed the black cat.,dots,light,betrayed,black,cat,
68,2. Put the chart on the mantel and tack it down.,put,chart,mantel,tack,down,
68,3. The nightshift men rate extra pay.,nightshift,men,rate,extra,pay,
68,4. The red paper brightened the dim stage.,red,paper,brightened,dim,stage,
68,5. See the player scoot to third base.,see,player,scoot,third,base,
68,6. Slide the bill between the two leaves.,slide,bill,between,two,leaves,
68,7. Many hands help get the job done.,many,hands,help,job,done,
68,8. We don’t like to admit our small faults.,don’t,like,admit,small,faults,I feel like “like” and “our” could be considered key words but there are only five key words.
68,9. No doubt about the way the wind blows.,doubt,about,way,wind,blows,I feel like “no” could be considered a key word but there are only five key words.
68,10. Dig deep in the earth for pirate’s gold.,dig,deep,earth,pirate’s,gold,
69,1. The steady drip is worse than a drenching rain.,steady,drip,worse,drenching,rain,
69,2. A flat pack takes less luggage space.,flat,pack,takes,less,luggage,"More than five key words, first five were selected."
69,3. Green ice frosted the punch bowl.,green,ice,frosted,punch,bowl,
69,4. A stuffed chair slipped from the moving van.,stuffed,chair,slipped,moving,van,
69,5. The stitch will serve but needs to be shortened.,stitch,will,serve,needs,shortened,
69,6. A thin book fits in the side pocket.,thin,book,fits,side,pocket,
69,7. The gloss on top made it unfit to read.,gloss,top,made,unfit,read,
69,8. The hail pattered on the burnt brown grass.,hail,pattered,burnt,brown,grass,
69,9. Seven seals were stamped on great sheets.,seven,seals,stamped,great,sheets,I feel like “were” can be considered a key word but there are only five key words so it wasn’t included.
69,10. Our troops are set to strike heavy blows.,troops,set,strike,heavy,blows,"Same here, “our” could be considered I believe but there are only five key words."
70,1. The store was jammed before the sale could start.,store,jammed,before,sale,start,"Same here, “could” could be considered a key word but there are only five key words."
70,2. It was a bad error on the part of the new judge.,bad,error,part,new,judge,
70,3. One step more and the board will collapse.,one,step,more,board,collapse,I feel like “will” can be considered a key word but there are only five key words so it wasn’t included as it has been in the past.
70,4. Take the match and strike it against your shoe.,take,match,strike,against,shoe,"Same here, “your” could be considered I believe but there are only five key words."
70,"5. The pot boiled, but the contents failed to jell.",pot,boiled,contents,failed,jell,
70,6. The baby puts his right foot in his mouth.,baby,puts,right,foot,mouth,"Same here, “his” could be considered I believe but there are only five key words."
70,7. The bombs left most of the town in ruins.,bombs,left,most,town,ruins,
70,8. Stop and stare at the hard working man.,stop,and,stare,hard,working,Hardworking is split into two words since there weren’t enough key words.
70,9. The streets are narrow and full of sharp turns.,streets,narrow,full,sharp,turns,
70,10. The pup jerked the leash as he saw a feline shape.,pup,jerked,leash,feline,shape,"More than five key words, first five were selected. “He” could be considered a key word but there are only five keys words."
71,1. Open your book to the first page.,open,your,book,first,page,
71,"2. Fish evade the net, and swim off.",fish,evade,net,swim,off,
71,3. Dip the pail once and let it settle.,dip,pail,once,let,settle,
71,4. Will you please answer that phone.,will,you,please,answer,phone,
71,5. The big red apple fell to the ground.,big,red,apple,fell,ground,
71,6. The curtain rose and the show was on.,curtain,rose,show,was,on,
71,7. The young prince became heir to the throne.,young,prince,became,heir,throne,
71,8. He sent the boy on a short errand.,he,sent,boy,short,errand,
71,9. Leave now and you will arrive on time.,leave,now,will,arrive,time,I feel like “will” can be considered a key word but there are only five key words so it wasn’t included as it has been in the past.
71,10. The corner store was robbed last night.,corner,store,robbed,last,night,
72,1. A gold ring will please almost any girl,gold,ring,please,almost,girl,"More than five key words, first five were selected. “Will” could be considered a key word but there are only five keys words."
72,2. The long journey home took a year.,long,journey,home,took,year,
72,3. She saw a cat in the neighbor’s house.,she,saw,cat,neighbor’s,house,
72,4. A pink shell was found on the sandy beach.,pink,shell,found,sandy,beach,
72,5. Small children came to see him.,small,children,came,see,him,
72,6. The grass and bushes were wet with dew.,grass,bushes,were,wet,dew,
72,7. The blind man counted his old coins.,blind,man,counted,old,coins,"Same here, “his” could be considered I believe but there are only five key words."
72,8. A severe storm tore down the barn.,severe,storm,tore,down,barn,
72,9. She called his name many times.,she,called,his,name,many,"More than five key words, first five were selected."
72,"10. When you hear the bell, come quickly.",when,hear,bell,come,quickly,"Same here, “you” could be considered but there are only five key words."
